{
    "about.descriptionHeader.label":"Welcome to Nextpeer!",
    "about.description.label":"Nextpeer is the leading social network for mobile players. With Nextpeer you can enjoy multiplayer games, play with friends, connect with new people around the world and discover new games.",
    "about.feedback.button":"SEND US FEEDBACK",
    "about.title.label":"About",

    "avatarPicker.avatarChooser.title.label": "Choose an Avatar",
    "avatarPicker.cancel.button": "Cancel",
    "avatarPicker.photoChooser.title.label": "Choose a Photo",
    "avatarPicker.status.failedFetching.label":"Failed fetching avatar list, please try again later.",
    "avatarPicker.takePhoto.title.label": "Take a Photo",

    "buddies.cells.buddyApprovedRequest.label":"Accepted your buddy request",
    "buddies.cells.play.button":"PLAY",
    "buddies.cells.requestAccept.button":"ACCEPT",
    "buddies.invite.label":"Invite your buddies!",
    "buddies.request.emptyState.bubble.label": "Play now to find some buddies!",
    "buddies.searchBar.label":"Enter name or Nextpeer ID",
    "buddies.sharers.copy.label":"Copy to clipboard",
    "buddies.sharers.email.label":"Email",
    "buddies.sharers.facebook.label":"Facebook",
    "buddies.sharers.facebook.alertbox.message.label":"Add your Facebook account under Settings > Facebook",
    "buddies.sharers.facebook.alertbox.title.label":"Facebook Login Required",
    "buddies.sharers.line.label":"Line",
    "buddies.sharers.sinaWeibo.label":"Sina Weibo",
    "buddies.sharers.sms.label":"Messages",
    "buddies.sharers.tencentWeibo.label":"Tencent Weibo",
    "buddies.sharers.shareMessage.notSignedIn.text.placeholder":"Come play %GAME_NAME% with me. Download the game from %TARGET_URL%",
    "buddies.sharers.shareMessage.signedIn.text.placeholder":"Come play %GAME_NAME% with me. Download the game from %TARGET_URL% and search for my Nextpeer ID %NEXTPEER_ID%.",
    "buddies.sharers.twitter.label":"Twitter",
    "buddies.sharers.whatsApp.label":"WhatsApp",
    "buddies.sharers.wechat.label":"WeChat",
    "buddies.sharers.hangouts.label":"Hangouts",
    "buddies.switch.myBuddies.label":"My Buddies",
    "buddies.switch.requests.label": "Requests",
    "buddies.sharers.copy.actionCompleted.label": "The message has been copied to your clipboard!",
    "buddies.screen.status.failedToCreateMatch.label":"Failed to create challenge. Please check your network connection and try again.",

    "challenges.cells.morePlayers.label":"Players",
    "challenges.cells.play.button":"PLAY",
    "challenges.status.creating.label":"Creating...",
    "challenges.status.async.challenge.creationFailed.label":"Could not find anyone to play with. Please invite your buddies!",
    "challenges.status.creationFailed.label":"Failed to create challenge. Please check your network connection and try again.",

    "challenges.newChallenges.subtitle.label": "New Challenges",
    "challenges.ongoingChallenges.subtitle.label": "Ongoing Challenges",
    "challenges.completedChallenges.subtitle.label": "Completed Challenges",

    "challenges.newChallenges.leftDescription.label":"Expires in",
    "challenges.newChallenges.leftOneDay.label":"a day",
    "challenges.newChallenges.leftDays.label":"days",
    "challenges.newChallenges.leftOneHour.label":"a hour",
    "challenges.newChallenges.leftHours.label":"hours",
    "challenges.newChallenges.leftMinutes.label":"minutes",
    "challenges.alerts.gameModeNotSupportedMessage.label": "Seems like this challenge isn't supported for this game. If this persists please contact our support team.",
    "challenges.emptyState.bubble.label": "INVITE YOUR BUDDIES TO CHALLENGE THEM!",

    "feed.footer.action.install.label": "INSTALL",
    "feed.footer.action.challenge.label": "CHALLENGE",
    "feed.footer.action.externalShare.label": "SHARE",

    "forgotPassword.actions.default.label":"ENTER YOUR EMAIL TO RESET YOUR PASSWORD",
    "forgotPassword.email.text.placeholder": "Your email",
    "forgotPassword.error.invalidEmail.label": "Invalid email address",
    "forgotPassword.sendPassword.button": "SEND PASSWORD RESET",
    "forgotPassword.notifications.failure.label":"No matching email address found",
    "forgotPassword.notifications.reset.label":"Reseting your password",
    "forgotPassword.notifications.success.label":"Please check your email",

    "fullStory.footer.action.install.label": "INSTALL",
    "fullStory.footer.action.challenge.label": "CHALLENGE",
    "fullStory.footer.action.externalShare.label": "SHARE",
    "fullStory.screen.title.label": "%USER_NAME%'s Post",
    "fullStory.status.failedToFetchPostDetails.label": "Failed to fetch post details. Please check your network connection and try again.",

    "gameModes.title.label": "Game Modes",

    "gender.type.female.label": "Female",
    "gender.type.male.label": "Male",
    "gender.type.unspecified.label": "Unspecified",
    "gender.hint.label": "Gender",

    "general.cancel.button": "Cancel",
    "general.error.noNetwork.label" : "OH NO! The internet connection has been lost. Check your network and try again. If the problem persists, please contact support.",
    "general.launchNextpeer.noNetwork.label": "OH NO! You appear to be offline. Please check your network and try again.",
    "general.error.signedOut.label":"You have been signed out from Nextpeer. If the issue persists, please contact support.",
    "general.ok.button": "OK",
    "general.yes.button": "Yes",
    "general.no.button": "No",
    "general.player.nameRepresentationWhenNotSignIn.label": "You",

    "leaderboard.title.label": "Weekly Leaderboard",
    "leaderboard.subtitle.label": "Your Ranking Position",
    "leaderboard.currentPlayerName.label": "You",
    "leaderboard.emptyState.play.button": "PLAY",
    "leaderboard.emptyState.bubble.label": "PLAY & BE THE FIRST TO SHOW UP ON THE LEADERBOARD",

    "loading.random.connecting.title.label":"Searching for the best\nmatch for you...",
    "loading.buddies.connectingSingle.title.label":"Waiting for your friend...",
    "loading.buddies.connectingMultiple.title.label":"Waiting for your friends...",
    "loading.syncChallange.cancel.label":"CANCEL",
    "loading.syncChallange.continueWaiting.label":"CONTINUE WAITING",
    "loading.syncChallange.lengthyWait.title.label":"You are waiting for a long time, what would you like to do?",
    "loading.footerMoreOnePlayer.label":"One more player",
    "loading.footerMorePlayers.label":"more players",
    "loading.playerLevel.label": "Level",
    "loading.noBuddyArrivedNotificationMessage.label":"Seems like your buddy isn't online, start by playing your turn first!",

    "myGames.title.label":"My Games",
    "myGames.subtitle.label":"More Games",

    "nativeAds.install.button":"INSTALL",

    "opponent.flag.report.button": "REPORT",
    "opponent.flag.screen.title.label": "Report Player",
    "opponent.flag.screenDescription.label.optional" : "By flagging this player you won't be able to play together anymore!",
    "opponent.flag.reportProcess.label": "Reporting",
    "opponent.flag.reportProcessFailed.label": "Failed to report player activities. Please try again later!",

    "opponent.screen.title.label": "Profile",
    "opponent.screen.message.button": "MESSAGE",
    "opponent.screen.games.button": "GAMES",
    "opponent.screen.buddies.button": "BUDDIES",
    "opponent.screen.cancelIncomingBuddyRequest.button": "UNBUDDY",
    "opponent.screen.cancelOutgoingBuddyRequest.button": "UNBUDDY",
    "opponent.screen.challenge.button": "CHALLENGE",
    "opponent.screen.addBuddy.button": "ADD BUDDY",
    "opponent.screen.removeBuddy.button": "UNBUDDY",
    "opponent.screen.xp.label": "XP",
    "opponent.screen.streamHeader.label": "%USER_NAME%'s Stream",
    "opponent.status.failedToCancelIncomingBuddyRequest.label" : "Could not unbuddy. Please try again later!",
    "opponent.status.failedToCancelOutgoingBuddyRequest.label" : "Could not unbuddy. Please try again later!",
    "opponent.status.failedToAddBuddy.label" : "Could not add buddy. Please try again later!",
    "opponent.status.failedToRemoveBuddy.label" : "Could not unbuddy. Please try again later!",
    "opponent.status.failedToFetchDetails.label" : "Failed to fetch player details. Please check your network connection and try again.",
    "opponent.status.failedToFetchGamesAndAds.label": "Failed to fetch opponent games. Please check your network connection and try again.",
    "opponent.removeBuddy.alert.action.label" : "Unbuddy",
    "opponent.removeBuddy.alert.text.label": "OH NO! This will remove this buddy from your buddy list. Are you sure you want to unbuddy?",
    "opponent.cancelOutgoingBuddyRequest.alert.action.label" : "Unbuddy",
    "opponent.cancelOutgoingBuddyRequest.alert.text.label": "OH NO! This will remove this buddy from your buddy list. Are you sure you want to unbuddy?",
    "opponent.status.requestToAddBuddy.label" : "Your request is pending approval, if you change your mind just unbuddy.",
    "opponent.status.requestToAddBuddyTitle.label" : "Request buddy",

    "opponentGames.title.label":"%USER_NAME%'s Games",
    "opponentGames.challangeTitle.label":"Challenge %USER_NAME% in",
    "opponentGames.subtitle.label":"More Games",

    "playerBuddies.screen.title.label":"Buddies",
    "playerBuddies.cell.addBuddy.button": "ADD",
    "playerBuddies.cell.playBuddy.button": "PLAY",
    "playerBuddies.searchBar.text.placeholder":"Search %USER_NAME%'s buddies",
    "playerBuddies.text.unsignedUser.label":"Player",
    "playerBuddies.screen.status.failedToFetch.label": "Failed to fetch your buddy's details. Please check your network connection and try again.",
    "playerBuddies.screen.status.failedToAddBuddy.label" : "Could not add buddy. Please try again later!",
    "playerBuddies.screen.status.failedToCreateMatch.label" : "Failed to create challenge. Please check your network connection and try again.",

    "post.label": "What's on your mind?",
    "post.status.label": "Posting...",
    "post.justPosted.label": "Just posted, go and visit your stream.",
    "postShareMomentsPicker.title.label": "Share Your Moment",

    "profile.edit.birthday.text.placeholder": "Birthday",
    "profile.edit.city.text.placeholder": "Your city",
    "profile.edit.country.text.placeholder": "Your country",
    "profile.edit.displayName.text.placeholder": "Display name",
    "profile.edit.gender.text.placeholder": "Gender",
    "profile.edit.motto.text.placeholder": "Motto",
    "profile.edit.screen.title.label": "Edit Profile",
    "profile.edit.screenDescription.label.optional": "Make your profile stand out!",
    "profile.edit.userCode.text.placeholder": "User code",
    "profile.edit.updating.status.label":"Updating your profile...",
    "profile.edit.updating.failed.label":"Could not update your profile. Please check your internet connection and try again!",
    "profile.edit.leaveWithoutSaveChangesAlertMessage.label": "Oops! You haven't saved your changes. Do you want to save?",
    "profile.edit.leaveWithoutSaveChangesAlertPersistChanges.button": "Confirm",
    "profile.edit.leaveWithoutSaveChangesAlertLeave.button": "Cancel",
    "profile.edit.nameIsTooSmallAlert.label": "Your name must be at least 3 characters long. Please try another!",

    "profile.view.screen.title.label": "My Profile",
    "profile.view.screen.messages.button": "MESSAGES",
    "profile.view.screen.buddies.button": "BUDDIES",
    "profile.view.screen.games.label": "GAMES",
    "profile.view.screen.nextpeerId.label": "ID: %NEXTPEER_ID%",
    "profile.view.screen.xp.label": "XP",
    "profile.view.screen.status.fetching.label": "Fetching...",
    "profile.view.screen.status.fetchingFailed.label":"Could not fetch your profile. Please check your internet connection and try again!",
    "profile.view.screen.gamesAndAds.fetchingFailed.label":"Could not fetch your games. Please check your internet connection and try again!",
    "profile.view.screen.streamHeader.label": "My Stream",
    "profile.view.screen.sync.title": "Profile sync",
    "profile.view.screen.sync.message": "Your profile is currently synced with %EXTERNAL_NETWORK_NAME%. You can edit your profile with Nextpeer, however, once edited the profile will cease to be synchronized with %EXTERNAL_NETWORK_NAME%.\nDo you want to continue?",

    "registration.error.emailCannotBeEmpty.label": "Please provide an email address",
    "registration.error.emailInvalid.label": "Please provide a valid email address",
    "registration.error.passwordCannotBeEmpty.label": "Please provide a password",
    "registration.sideBar.signIn.label": "Sign In",
    "registration.sideBar.signUp.label": "Sign Up",

    "results.fetchingScores.label": "Fetching scores...",
    "results.active.quickPlay.button": "QUICK PLAY",
    "results.active.title.label": "Results",
    "results.static.title.label": "Results",
    "results.active.subtitle.label":"More Games",
    "results.static.subtitle.label":"More Games",
    "results.static.challengeAgain.button": "NEW CHALLENGE",
    "results.noScoreAvailable.label": "-",
    "results.opponentTurn.label":"Their Turn",

    "screenshotSelector.title.label": "Select Your Moment",

    "settings.about.button": "ABOUT",
    "settings.feedback.button": "SEND US FEEDBACK",
    "settings.signOut.alert.text.label": "This will remove all experience and data. Are you sure you want to sign out?",
    "settings.signOut.alert.title.label": "Confirm",
    "settings.signOut.button": "SIGN OUT",
    "settings.signOut.progress.label": "Signing out...",
    "settings.title.label": "Settings",

    "shareMoment.button.text": "PUBLISH",
    "shareMoment.externalShare.action.notSignedIn.text.placeholder":"See my moves in %GAME_NAME%. Download the game from %TARGET_URL%",
    "shareMoment.externalShare.action.signedIn.text.placeholder":"See my moves in %GAME_NAME%. Download the game from %TARGET_URL% and search for my Nextpeer ID %NEXTPEER_ID%",
    "shareMoment.externalShare.subject.text.placeholder" : "My moment in %GAME_NAME%",
    "shareMoment.signedUser.text.placeholder": "Love this game",
    "shareMoment.title.label": "SHARE YOUR MOMENT TO THE STREAM",
    "shareMoment.justPosted.label": "Just posted, go and visit your stream.",
    "shareMoment.status.label": "Sharing...",

    "sideMenu.exit.label": "Exit",
    "sideMenu.about.label": "About",
    "sideMenu.messages.label":  "Messages",
    "sideMenu.feedback.label": "Send Feedback",
    "sideMenu.privacy.label": "Privacy",
    "sideMenu.settings.label": "Settings",
    "sideMenu.stream.label": "Stream",

    "signIn.actions.addBuddy.label" : "PLEASE SIGN IN TO ADD A BUDDY",
    "signIn.actions.challengeBuddy.label": "PLEASE SIGN IN TO CHALLENGE A BUDDY",
    "signIn.actions.default.label": "PLEASE SIGN IN",
    "signIn.actions.asyncChallenge.label": "PLEASE SIGN IN TO PLAY",
    "signIn.actions.gamestream.like.label": "PLEASE SIGN IN TO LIKE AN EVENT ON THE STREAM",
    "signIn.actions.opponent.flag.label": "TO FLAG A PROFILE PLEASE SIGN IN",
    "signIn.actions.messageBuddy.label": "PLEASE SIGN IN TO MESSAGE A BUDDY",
    "signIn.actions.post.label": "TO POST ON THE STREAM PLEASE SIGN IN",
    "signIn.actions.profile.edit.label": "TO CHANGE YOUR PROFILE PLEASE SIGN IN",
    "signIn.actions.settings.label": "TO CHANGE SETTINGS, PLEASE SIGN IN",
    "signIn.actions.shareMoments.label": "TO SHARE MOMENTS ON THE STREAM PLEASE SIGN IN",
    "signIn.button": "SIGN IN",
    "signIn.email.text.placeholder": "Your email",
    "signIn.forgotPassword.button": "Forgot password?",
    "signIn.password.text.placeholder": "Your password",
    "signIn.privacy.button": "Privacy policy",
    "signIn.signUp.button": "Sign up",
    "signIn.status.failed.label": "An error occurred, please try again later",
    "signIn.status.fetchingUser.label": "Fetching user details...",
    "signIn.status.signingIn.label": "Signing in...",

    "signUp.actions.addBuddy.label" : "PLEASE SIGN UP TO ADD A BUDDY",
    "signUp.actions.challengeBuddy.label": "PLEASE SIGN UP TO CHALLENGE A BUDDY",
    "signUp.actions.default.label": "PLEASE SIGN UP",
    "signUp.actions.asyncChallenge.label": "PLEASE SIGN UP TO PLAY",
    "signUp.actions.gamestream.like.label": "PLEASE SIGN UP TO LIKE AN EVENT ON THE STREAM",
    "signUp.actions.opponent.flag.label": "TO FLAG A PROFILE PLEASE SIGN UP",
    "signUp.actions.messageBuddy.label": "PLEASE SIGN UP TO MESSAGE A BUDDY",
    "signUp.actions.post.label": "TO POST ON THE STREAM PLEASE SIGN UP",
    "signUp.actions.profile.edit.label": "TO CHANGE YOUR PROFILE PLEASE SIGN UP",
    "signUp.actions.settings.label": "TO CHANGE SETTINGS, PLEASE SIGN UP",
    "signUp.actions.shareMoments.label": "TO SHARE MOMENTS ON THE STREAM PLEASE SIGN UP",
    "signUp.status.signUpFailed.label": "An error occurred, please try again later",
    "signUp.status.updatingUser.label": "Updating...",
    "signUp.status.signingUp.label": "Signing up...",
    "signUp.step1.button": "SIGN UP NOW!",
    "signUp.step1.facebook.button" : "SIGN UP WITH FACEBOOK",
    "signUp.step1.email.text.placeholder": "Your email",
    "signUp.step1.password.text.placeholder": "Password",
    "signUp.step1.privacy.button": "Privacy policy",
    "signUp.step1.signIn.button": "Already signed up? Sign in",
    "signUp.step1.signIn.button.underline": "Sign in",
    "signUp.step1.facebook.permission.alert": "Facebook email permission is required to sign up.",
    "signUp.step2.button": "DONE",
    "signUp.step2.description.label": "SET UP NAME AND PICTURE",
    "signUp.step2.status.failed.label": "Successfully signed up, but details update has failed.",
    "signUp.step2.nameIsTooSmallAlert.label": "Your name must be at least 3 characters long. Please try another name!",
    "status.loading.label": "Loading...",
    "status.updating.label": "Updating...",

    "stream.loadMoreAtBottom.label": "Loading more",
    "stream.newStories.label": "New Stories",
    "stream.play.random.label": "QUICK PLAY",
    "stream.play.challenge.label": "PLAY WITH FRIENDS",
    "stream.player.nameWhenNotSet.label": "Your Name",
    "stream.shareMessage.notSignedIn.text.placeholder":"Come play %GAME_NAME% with me. Download the game from %TARGET_URL%",
    "stream.shareMessage.signedIn.text.placeholder":"Come play %GAME_NAME% with me. Download the game from %TARGET_URL% and search for my Nextpeer ID %NEXTPEER_ID%.",
    "stream.shareMessage.subject.text.placeholder":"My moment in %GAME_NAME%",
    "stream.emptyState.bubble.label":"NO STORIES YET, BE THE FIRST TO POST OR START PLAYING!",

    "tabBar.buddies.button": "Buddies",
    "tabBar.challenges.button": "Challenges",
    "tabBar.leaderboards.button": "Leaderboards",
    "tabBar.more.button": "More",
    "tabBar.stream.button": "Stream",

    "time.daysAgo.label":"days ago",
    "time.hoursAgo.label":"hours ago",
    "time.justNow.label":"Just now",
    "time.minutesAgo.label":"minutes ago",
    "time.oneDayAgo.label":"Yesterday",
    "time.oneHourAgo.label":"An hour ago",
    "time.oneMinuteAgo.label":"A minute ago",
    "time.secondsAgo.label":"seconds ago"
}
